Epoch	Auc	Accuracy	loss
1	0.491611907339079	0.6889694045380578	0.6232807929116178
