Epoch	Auc	Accuracy	loss
1	0.49527089821424003	0.6892398281096205	0.6233193147389186
