Epoch	Auc	Accuracy	loss
1	0.4988508987964427	0.6573633564498478	0.6472738832235336
